ForecastId,ConfirmedCases,Fatalities
66,110,4
67,110,4
68,110,4
69,110,4
70,110,4
71,110,4
72,110,4
73,110,4
74,110,4
75,110,4
76,110,4
77,110,4
78,110,4
79,110,4
80,110,4
81,110,4
82,110,4
83,110,4
66,186,8
67,186,8
68,186,8
69,186,8
70,186,8
71,186,8
72,186,8
73,186,8
74,186,8
75,186,8
76,186,8
77,186,8
78,186,8
79,186,8
80,186,8
81,186,8
82,186,8
83,186,8
66,409,26
67,409,26
68,409,26
69,409,26
70,409,26
71,409,26
72,409,26
73,409,26
74,409,26
75,409,26
76,409,26
77,409,26
78,409,26
79,409,26
80,409,26
81,409,26
82,409,26
83,409,26
66,267,3
67,267,3
68,267,3
69,267,3
70,267,3
71,267,3
72,267,3
73,267,3
74,267,3
75,267,3
76,267,3
77,267,3
78,267,3
79,267,3
80,267,3
81,267,3
82,267,3
83,267,3
66,4,0
67,4,0
68,4,0
69,4,0
70,4,0
71,4,0
72,4,0
73,4,0
74,4,0
75,4,0
76,4,0
77,4,0
78,4,0
79,4,0
80,4,0
81,4,0
82,4,0
83,4,0
66,7,0
67,7,0
68,7,0
69,7,0
70,7,0
71,7,0
72,7,0
73,7,0
74,7,0
75,7,0
76,7,0
77,7,0
78,7,0
79,7,0
80,7,0
81,7,0
82,7,0
83,7,0
66,589,13
67,589,13
68,589,13
69,589,13
70,589,13
71,589,13
72,589,13
73,589,13
74,589,13
75,589,13
76,589,13
77,589,13
78,589,13
79,589,13
80,589,13
81,589,13
82,589,13
83,589,13
66,329,1
67,329,1
68,329,1
69,329,1
70,329,1
71,329,1
72,329,1
73,329,1
74,329,1
75,329,1
76,329,1
77,329,1
78,329,1
79,329,1
80,329,1
81,329,1
82,329,1
83,329,1
66,62,0
67,62,0
68,62,0
69,62,0
70,62,0
71,62,0
72,62,0
73,62,0
74,62,0
75,62,0
76,62,0
77,62,0
78,62,0
79,62,0
80,62,0
81,62,0
82,62,0
83,62,0
66,1405,7
67,1405,7
68,1405,7
69,1405,7
70,1405,7
71,1405,7
72,1405,7
73,1405,7
74,1405,7
75,1405,7
76,1405,7
77,1405,7
78,1405,7
79,1405,7
80,1405,7
81,1405,7
82,1405,7
83,1405,7
66,12,0
67,12,0
68,12,0
69,12,0
70,12,0
71,12,0
72,12,0
73,12,0
74,12,0
75,12,0
76,12,0
77,12,0
78,12,0
79,12,0
80,12,0
81,12,0
82,12,0
83,12,0
66,555,1
67,555,1
68,555,1
69,555,1
70,555,1
71,555,1
72,555,1
73,555,1
74,555,1
75,555,1
76,555,1
77,555,1
78,555,1
79,555,1
80,555,1
81,555,1
82,555,1
83,555,1
66,257,0
67,257,0
68,257,0
69,257,0
70,257,0
71,257,0
72,257,0
73,257,0
74,257,0
75,257,0
76,257,0
77,257,0
78,257,0
79,257,0
80,257,0
81,257,0
82,257,0
83,257,0
66,47,0
67,47,0
68,47,0
69,47,0
70,47,0
71,47,0
72,47,0
73,47,0
74,47,0
75,47,0
76,47,0
77,47,0
78,47,0
79,47,0
80,47,0
81,47,0
82,47,0
83,47,0
66,574,3
67,574,3
68,574,3
69,574,3
70,574,3
71,574,3
72,574,3
73,574,3
74,574,3
75,574,3
76,574,3
77,574,3
78,574,3
79,574,3
80,574,3
81,574,3
82,574,3
83,574,3
66,231,2
67,231,2
68,231,2
69,231,2
70,231,2
71,231,2
72,231,2
73,231,2
74,231,2
75,231,2
76,231,2
77,231,2
78,231,2
79,231,2
80,231,2
81,231,2
82,231,2
83,231,2
66,7657,58
67,7657,58
68,7657,58
69,7657,58
70,7657,58
71,7657,58
72,7657,58
73,7657,58
74,7657,58
75,7657,58
76,7657,58
77,7657,58
78,7657,58
79,7657,58
80,7657,58
81,7657,58
82,7657,58
83,7657,58
66,165,3
67,165,3
68,165,3
69,165,3
70,165,3
71,165,3
72,165,3
73,165,3
74,165,3
75,165,3
76,165,3
77,165,3
78,165,3
79,165,3
80,165,3
81,165,3
82,165,3
83,165,3
66,10,0
67,10,0
68,10,0
69,10,0
70,10,0
71,10,0
72,10,0
73,10,0
74,10,0
75,10,0
76,10,0
77,10,0
78,10,0
79,10,0
80,10,0
81,10,0
82,10,0
83,10,0
66,466,4
67,466,4
68,466,4
69,466,4
70,466,4
71,466,4
72,466,4
73,466,4
74,466,4
75,466,4
76,466,4
77,466,4
78,466,4
79,466,4
80,466,4
81,466,4
82,466,4
83,466,4
66,48,5
67,48,5
68,48,5
69,48,5
70,48,5
71,48,5
72,48,5
73,48,5
74,48,5
75,48,5
76,48,5
77,48,5
78,48,5
79,48,5
80,48,5
81,48,5
82,48,5
83,48,5
66,24,0
67,24,0
68,24,0
69,24,0
70,24,0
71,24,0
72,24,0
73,24,0
74,24,0
75,24,0
76,24,0
77,24,0
78,24,0
79,24,0
80,24,0
81,24,0
82,24,0
83,24,0
66,94,0
67,94,0
68,94,0
69,94,0
70,94,0
71,94,0
72,94,0
73,94,0
74,94,0
75,94,0
76,94,0
77,94,0
78,94,0
79,94,0
80,94,0
81,94,0
82,94,0
83,94,0
66,7284,289
67,7284,289
68,7284,289
69,7284,289
70,7284,289
71,7284,289
72,7284,289
73,7284,289
74,7284,289
75,7284,289
76,7284,289
77,7284,289
78,7284,289
79,7284,289
80,7284,289
81,7284,289
82,7284,289
83,7284,289
66,2,0
67,2,0
68,2,0
69,2,0
70,2,0
71,2,0
72,2,0
73,2,0
74,2,0
75,2,0
76,2,0
77,2,0
78,2,0
79,2,0
80,2,0
81,2,0
82,2,0
83,2,0
66,6,0
67,6,0
68,6,0
69,6,0
70,6,0
71,6,0
72,6,0
73,6,0
74,6,0
75,6,0
76,6,0
77,6,0
78,6,0
79,6,0
80,6,0
81,6,0
82,6,0
83,6,0
66,3,0
67,3,0
68,3,0
69,3,0
70,3,0
71,3,0
72,3,0
73,3,0
74,3,0
75,3,0
76,3,0
77,3,0
78,3,0
79,3,0
80,3,0
81,3,0
82,3,0
83,3,0
66,61,0
67,61,0
68,61,0
69,61,0
70,61,0
71,61,0
72,61,0
73,61,0
74,61,0
75,61,0
76,61,0
77,61,0
78,61,0
79,61,0
80,61,0
81,61,0
82,61,0
83,61,0
66,237,4
67,237,4
68,237,4
69,237,4
70,237,4
71,237,4
72,237,4
73,237,4
74,237,4
75,237,4
76,237,4
77,237,4
78,237,4
79,237,4
80,237,4
81,237,4
82,237,4
83,237,4
66,0,0
67,0,0
68,0,0
69,0,0
70,0,0
71,0,0
72,0,0
73,0,0
74,0,0
75,0,0
76,0,0
77,0,0
78,0,0
79,0,0
80,0,0
81,0,0
82,0,0
83,0,0
66,3417,92
67,3417,92
68,3417,92
69,3417,92
70,3417,92
71,3417,92
72,3417,92
73,3417,92
74,3417,92
75,3417,92
76,3417,92
77,3417,92
78,3417,92
79,3417,92
80,3417,92
81,3417,92
82,3417,92
83,3417,92
66,115,0
67,115,0
68,115,0
69,115,0
70,115,0
71,115,0
72,115,0
73,115,0
74,115,0
75,115,0
76,115,0
77,115,0
78,115,0
79,115,0
80,115,0
81,115,0
82,115,0
83,115,0
66,293,3
67,293,3
68,293,3
69,293,3
70,293,3
71,293,3
72,293,3
73,293,3
74,293,3
75,293,3
76,293,3
77,293,3
78,293,3
79,293,3
80,293,3
81,293,3
82,293,3
83,293,3
66,180,9
67,180,9
68,180,9
69,180,9
70,180,9
71,180,9
72,180,9
73,180,9
74,180,9
75,180,9
76,180,9
77,180,9
78,180,9
79,180,9
80,180,9
81,180,9
82,180,9
83,180,9
66,8,0
67,8,0
68,8,0
69,8,0
70,8,0
71,8,0
72,8,0
73,8,0
74,8,0
75,8,0
76,8,0
77,8,0
78,8,0
79,8,0
80,8,0
81,8,0
82,8,0
83,8,0
66,0,0
67,0,0
68,0,0
69,0,0
70,0,0
71,0,0
72,0,0
73,0,0
74,0,0
75,0,0
76,0,0
77,0,0
78,0,0
79,0,0
80,0,0
81,0,0
82,0,0
83,0,0
66,5,1
67,5,1
68,5,1
69,5,1
70,5,1
71,5,1
72,5,1
73,5,1
74,5,1
75,5,1
76,5,1
77,5,1
78,5,1
79,5,1
80,5,1
81,5,1
82,5,1
83,5,1
66,99,0
67,99,0
68,99,0
69,99,0
70,99,0
71,99,0
72,99,0
73,99,0
74,99,0
75,99,0
76,99,0
77,99,0
78,99,0
79,99,0
80,99,0
81,99,0
82,99,0
83,99,0
66,91,2
67,91,2
68,91,2
69,91,2
70,91,2
71,91,2
72,91,2
73,91,2
74,91,2
75,91,2
76,91,2
77,91,2
78,91,2
79,91,2
80,91,2
81,91,2
82,91,2
83,91,2
66,542,2
67,542,2
68,542,2
69,542,2
70,542,2
71,542,2
72,542,2
73,542,2
74,542,2
75,542,2
76,542,2
77,542,2
78,542,2
79,542,2
80,542,2
81,542,2
82,542,2
83,542,2
66,725,14
67,725,14
68,725,14
69,725,14
70,725,14
71,725,14
72,725,14
73,725,14
74,725,14
75,725,14
76,725,14
77,725,14
78,725,14
79,725,14
80,725,14
81,725,14
82,725,14
83,725,14
66,39,1
67,39,1
68,39,1
69,39,1
70,39,1
71,39,1
72,39,1
73,39,1
74,39,1
75,39,1
76,39,1
77,39,1
78,39,1
79,39,1
80,39,1
81,39,1
82,39,1
83,39,1
66,45,0
67,45,0
68,45,0
69,45,0
70,45,0
71,45,0
72,45,0
73,45,0
74,45,0
75,45,0
76,45,0
77,45,0
78,45,0
79,45,0
80,45,0
81,45,0
82,45,0
83,45,0
66,102,0
67,102,0
68,102,0
69,102,0
70,102,0
71,102,0
72,102,0
73,102,0
74,102,0
75,102,0
76,102,0
77,102,0
78,102,0
79,102,0
80,102,0
81,102,0
82,102,0
83,102,0
66,1,0
67,1,0
68,1,0
69,1,0
70,1,0
71,1,0
72,1,0
73,1,0
74,1,0
75,1,0
76,1,0
77,1,0
78,1,0
79,1,0
80,1,0
81,1,0
82,1,0
83,1,0
66,90,0
67,90,0
68,90,0
69,90,0
70,90,0
71,90,0
72,90,0
73,90,0
74,90,0
75,90,0
76,90,0
77,90,0
78,90,0
79,90,0
80,90,0
81,90,0
82,90,0
83,90,0
66,994,18
67,994,18
68,994,18
69,994,18
70,994,18
71,994,18
72,994,18
73,994,18
74,994,18
75,994,18
76,994,18
77,994,18
78,994,18
79,994,18
80,994,18
81,994,18
82,994,18
83,994,18
66,9,0
67,9,0
68,9,0
69,9,0
70,9,0
71,9,0
72,9,0
73,9,0
74,9,0
75,9,0
76,9,0
77,9,0
78,9,0
79,9,0
80,9,0
81,9,0
82,9,0
83,9,0
66,2024,18
67,2024,18
68,2024,18
69,2024,18
70,2024,18
71,2024,18
72,2024,18
73,2024,18
74,2024,18
75,2024,18
76,2024,18
77,2024,18
78,2024,18
79,2024,18
80,2024,18
81,2024,18
82,2024,18
83,2024,18
66,95,0
67,95,0
68,95,0
69,95,0
70,95,0
71,95,0
72,95,0
73,95,0
74,95,0
75,95,0
76,95,0
77,95,0
78,95,0
79,95,0
80,95,0
81,95,0
82,95,0
83,95,0
66,3,0
67,3,0
68,3,0
69,3,0
70,3,0
71,3,0
72,3,0
73,3,0
74,3,0
75,3,0
76,3,0
77,3,0
78,3,0
79,3,0
80,3,0
81,3,0
82,3,0
83,3,0
66,3,0
67,3,0
68,3,0
69,3,0
70,3,0
71,3,0
72,3,0
73,3,0
74,3,0
75,3,0
76,3,0
77,3,0
78,3,0
79,3,0
80,3,0
81,3,0
82,3,0
83,3,0
66,3,0
67,3,0
68,3,0
69,3,0
70,3,0
71,3,0
72,3,0
73,3,0
74,3,0
75,3,0
76,3,0
77,3,0
78,3,0
79,3,0
80,3,0
81,3,0
82,3,0
83,3,0
66,1610,5
67,1610,5
68,1610,5
69,1610,5
70,1610,5
71,1610,5
72,1610,5
73,1610,5
74,1610,5
75,1610,5
76,1610,5
77,1610,5
78,1610,5
79,1610,5
80,1610,5
81,1610,5
82,1610,5
83,1610,5
66,990,6
67,990,6
68,990,6
69,990,6
70,990,6
71,990,6
72,990,6
73,990,6
74,990,6
75,990,6
76,990,6
77,990,6
78,990,6
79,990,6
80,990,6
81,990,6
82,990,6
83,990,6
66,569,8
67,569,8
68,569,8
69,569,8
70,569,8
71,569,8
72,569,8
73,569,8
74,569,8
75,569,8
76,569,8
77,569,8
78,569,8
79,569,8
80,569,8
81,569,8
82,569,8
83,569,8
66,578,6
67,578,6
68,578,6
69,578,6
70,578,6
71,578,6
72,578,6
73,578,6
74,578,6
75,578,6
76,578,6
77,578,6
78,578,6
79,578,6
80,578,6
81,578,6
82,578,6
83,578,6
66,331,1
67,331,1
68,331,1
69,331,1
70,331,1
71,331,1
72,331,1
73,331,1
74,331,1
75,331,1
76,331,1
77,331,1
78,331,1
79,331,1
80,331,1
81,331,1
82,331,1
83,331,1
66,136,2
67,136,2
68,136,2
69,136,2
70,136,2
71,136,2
72,136,2
73,136,2
74,136,2
75,136,2
76,136,2
77,136,2
78,136,2
79,136,2
80,136,2
81,136,2
82,136,2
83,136,2
66,1456,8
67,1456,8
68,1456,8
69,1456,8
70,1456,8
71,1456,8
72,1456,8
73,1456,8
74,1456,8
75,1456,8
76,1456,8
77,1456,8
78,1456,8
79,1456,8
80,1456,8
81,1456,8
82,1456,8
83,1456,8
66,254,2
67,254,2
68,254,2
69,254,2
70,254,2
71,254,2
72,254,2
73,254,2
74,254,2
75,254,2
76,254,2
77,254,2
78,254,2
79,254,2
80,254,2
81,254,2
82,254,2
83,254,2
66,146,2
67,146,2
68,146,2
69,146,2
70,146,2
71,146,2
72,146,2
73,146,2
74,146,2
75,146,2
76,146,2
77,146,2
78,146,2
79,146,2
80,146,2
81,146,2
82,146,2
83,146,2
66,168,6
67,168,6
68,168,6
69,168,6
70,168,6
71,168,6
72,168,6
73,168,6
74,168,6
75,168,6
76,168,6
77,168,6
78,168,6
79,168,6
80,168,6
81,168,6
82,168,6
83,168,6
66,319,6
67,319,6
68,319,6
69,319,6
70,319,6
71,319,6
72,319,6
73,319,6
74,319,6
75,319,6
76,319,6
77,319,6
78,319,6
79,319,6
80,319,6
81,319,6
82,319,6
83,319,6
66,484,13
67,484,13
68,484,13
69,484,13
70,484,13
71,484,13
72,484,13
73,484,13
74,484,13
75,484,13
76,484,13
77,484,13
78,484,13
79,484,13
80,484,13
81,484,13
82,484,13
83,484,13
66,1275,22
67,1275,22
68,1275,22
69,1275,22
70,1275,22
71,1275,22
72,1275,22
73,1275,22
74,1275,22
75,1275,22
76,1275,22
77,1275,22
78,1275,22
79,1275,22
80,1275,22
81,1275,22
82,1275,22
83,1275,22
66,519,4
67,519,4
68,519,4
69,519,4
70,519,4
71,519,4
72,519,4
73,519,4
74,519,4
75,519,4
76,519,4
77,519,4
78,519,4
79,519,4
80,519,4
81,519,4
82,519,4
83,519,4
66,67801,3174
67,67801,3174
68,67801,3174
69,67801,3174
70,67801,3174
71,67801,3174
72,67801,3174
73,67801,3174
74,67801,3174
75,67801,3174
76,67801,3174
77,67801,3174
78,67801,3174
79,67801,3174
80,67801,3174
81,67801,3174
82,67801,3174
83,67801,3174
66,1018,4
67,1018,4
68,1018,4
69,1018,4
70,1018,4
71,1018,4
72,1018,4
73,1018,4
74,1018,4
75,1018,4
76,1018,4
77,1018,4
78,1018,4
79,1018,4
80,1018,4
81,1018,4
82,1018,4
83,1018,4
66,92,1
67,92,1
68,92,1
69,92,1
70,92,1
71,92,1
72,92,1
73,92,1
74,92,1
75,92,1
76,92,1
77,92,1
78,92,1
79,92,1
80,92,1
81,92,1
82,92,1
83,92,1
66,641,0
67,641,0
68,641,0
69,641,0
70,641,0
71,641,0
72,641,0
73,641,0
74,641,0
75,641,0
76,641,0
77,641,0
78,641,0
79,641,0
80,641,0
81,641,0
82,641,0
83,641,0
66,936,1
67,936,1
68,936,1
69,936,1
70,936,1
71,936,1
72,936,1
73,936,1
74,936,1
75,936,1
76,936,1
77,936,1
78,936,1
79,936,1
80,936,1
81,936,1
82,936,1
83,936,1
66,95,1
67,95,1
68,95,1
69,95,1
70,95,1
71,95,1
72,95,1
73,95,1
74,95,1
75,95,1
76,95,1
77,95,1
78,95,1
79,95,1
80,95,1
81,95,1
82,95,1
83,95,1
66,128,2
67,128,2
68,128,2
69,128,2
70,128,2
71,128,2
72,128,2
73,128,2
74,128,2
75,128,2
76,128,2
77,128,2
78,128,2
79,128,2
80,128,2
81,128,2
82,128,2
83,128,2
66,33,0
67,33,0
68,33,0
69,33,0
70,33,0
71,33,0
72,33,0
73,33,0
74,33,0
75,33,0
76,33,0
77,33,0
78,33,0
79,33,0
80,33,0
81,33,0
82,33,0
83,33,0
66,75,0
67,75,0
68,75,0
69,75,0
70,75,0
71,75,0
72,75,0
73,75,0
74,75,0
75,75,0
76,75,0
77,75,0
78,75,0
79,75,0
80,75,0
81,75,0
82,75,0
83,75,0
66,18,0
67,18,0
68,18,0
69,18,0
70,18,0
71,18,0
72,18,0
73,18,0
74,18,0
75,18,0
76,18,0
77,18,0
78,18,0
79,18,0
80,18,0
81,18,0
82,18,0
83,18,0
66,253,3
67,253,3
68,253,3
69,253,3
70,253,3
71,253,3
72,253,3
73,253,3
74,253,3
75,253,3
76,253,3
77,253,3
78,253,3
79,253,3
80,253,3
81,253,3
82,253,3
83,253,3
66,772,7
67,772,7
68,772,7
69,772,7
70,772,7
71,772,7
72,772,7
73,772,7
74,772,7
75,772,7
76,772,7
77,772,7
78,772,7
79,772,7
80,772,7
81,772,7
82,772,7
83,772,7
66,468,5
67,468,5
68,468,5
69,468,5
70,468,5
71,468,5
72,468,5
73,468,5
74,468,5
75,468,5
76,468,5
77,468,5
78,468,5
79,468,5
80,468,5
81,468,5
82,468,5
83,468,5
66,135,0
67,135,0
68,135,0
69,135,0
70,135,0
71,135,0
72,135,0
73,135,0
74,135,0
75,135,0
76,135,0
77,135,0
78,135,0
79,135,0
80,135,0
81,135,0
82,135,0
83,135,0
66,548,3
67,548,3
68,548,3
69,548,3
70,548,3
71,548,3
72,548,3
73,548,3
74,548,3
75,548,3
76,548,3
77,548,3
78,548,3
79,548,3
80,548,3
81,548,3
82,548,3
83,548,3
66,155,3
67,155,3
68,155,3
69,155,3
70,155,3
71,155,3
72,155,3
73,155,3
74,155,3
75,155,3
76,155,3
77,155,3
78,155,3
79,155,3
80,155,3
81,155,3
82,155,3
83,155,3
66,1,0
67,1,0
68,1,0
69,1,0
70,1,0
71,1,0
72,1,0
73,1,0
74,1,0
75,1,0
76,1,0
77,1,0
78,1,0
79,1,0
80,1,0
81,1,0
82,1,0
83,1,0
66,76,3
67,76,3
68,76,3
69,76,3
70,76,3
71,76,3
72,76,3
73,76,3
74,76,3
75,76,3
76,76,3
77,76,3
78,76,3
79,76,3
80,76,3
81,76,3
82,76,3
83,76,3
66,180,2
67,180,2
68,180,2
69,180,2
70,180,2
71,180,2
72,180,2
73,180,2
74,180,2
75,180,2
76,180,2
77,180,2
78,180,2
79,180,2
80,180,2
81,180,2
82,180,2
83,180,2
66,1247,1
67,1247,1
68,1247,1
69,1247,1
70,1247,1
71,1247,1
72,1247,1
73,1247,1
74,1247,1
75,1247,1
76,1247,1
77,1247,1
78,1247,1
79,1247,1
80,1247,1
81,1247,1
82,1247,1
83,1247,1
66,539,6
67,539,6
68,539,6
69,539,6
70,539,6
71,539,6
72,539,6
73,539,6
74,539,6
75,539,6
76,539,6
77,539,6
78,539,6
79,539,6
80,539,6
81,539,6
82,539,6
83,539,6
66,4,0
67,4,0
68,4,0
69,4,0
70,4,0
71,4,0
72,4,0
73,4,0
74,4,0
75,4,0
76,4,0
77,4,0
78,4,0
79,4,0
80,4,0
81,4,0
82,4,0
83,4,0
66,51,3
67,51,3
68,51,3
69,51,3
70,51,3
71,51,3
72,51,3
73,51,3
74,51,3
75,51,3
76,51,3
77,51,3
78,51,3
79,51,3
80,51,3
81,51,3
82,51,3
83,51,3
66,263,2
67,263,2
68,263,2
69,263,2
70,263,2
71,263,2
72,263,2
73,263,2
74,263,2
75,263,2
76,263,2
77,263,2
78,263,2
79,263,2
80,263,2
81,263,2
82,263,2
83,263,2
66,101,0
67,101,0
68,101,0
69,101,0
70,101,0
71,101,0
72,101,0
73,101,0
74,101,0
75,101,0
76,101,0
77,101,0
78,101,0
79,101,0
80,101,0
81,101,0
82,101,0
83,101,0
66,586,3
67,586,3
68,586,3
69,586,3
70,586,3
71,586,3
72,586,3
73,586,3
74,586,3
75,586,3
76,586,3
77,586,3
78,586,3
79,586,3
80,586,3
81,586,3
82,586,3
83,586,3
66,80,2
67,80,2
68,80,2
69,80,2
70,80,2
71,80,2
72,80,2
73,80,2
74,80,2
75,80,2
76,80,2
77,80,2
78,80,2
79,80,2
80,80,2
81,80,2
82,80,2
83,80,2
66,162,5
67,162,5
68,162,5
69,162,5
70,162,5
71,162,5
72,162,5
73,162,5
74,162,5
75,162,5
76,162,5
77,162,5
78,162,5
79,162,5
80,162,5
81,162,5
82,162,5
83,162,5
66,2279,9
67,2279,9
68,2279,9
69,2279,9
70,2279,9
71,2279,9
72,2279,9
73,2279,9
74,2279,9
75,2279,9
76,2279,9
77,2279,9
78,2279,9
79,2279,9
80,2279,9
81,2279,9
82,2279,9
83,2279,9
66,144,0
67,144,0
68,144,0
69,144,0
70,144,0
71,144,0
72,144,0
73,144,0
74,144,0
75,144,0
76,144,0
77,144,0
78,144,0
79,144,0
80,144,0
81,144,0
82,144,0
83,144,0
66,10,0
67,10,0
68,10,0
69,10,0
70,10,0
71,10,0
72,10,0
73,10,0
74,10,0
75,10,0
76,10,0
77,10,0
78,10,0
79,10,0
80,10,0
81,10,0
82,10,0
83,10,0
66,2046,52
67,2046,52
68,2046,52
69,2046,52
70,2046,52
71,2046,52
72,2046,52
73,2046,52
74,2046,52
75,2046,52
76,2046,52
77,2046,52
78,2046,52
79,2046,52
80,2046,52
81,2046,52
82,2046,52
83,2046,52
66,712,10
67,712,10
68,712,10
69,712,10
70,712,10
71,712,10
72,712,10
73,712,10
74,712,10
75,712,10
76,712,10
77,712,10
78,712,10
79,712,10
80,712,10
81,712,10
82,712,10
83,712,10
66,12,0
67,12,0
68,12,0
69,12,0
70,12,0
71,12,0
72,12,0
73,12,0
74,12,0
75,12,0
76,12,0
77,12,0
78,12,0
79,12,0
80,12,0
81,12,0
82,12,0
83,12,0
66,11,0
67,11,0
68,11,0
69,11,0
70,11,0
71,11,0
72,11,0
73,11,0
74,11,0
75,11,0
76,11,0
77,11,0
78,11,0
79,11,0
80,11,0
81,11,0
82,11,0
83,11,0
66,581,20
67,581,20
68,581,20
69,581,20
70,581,20
71,581,20
72,581,20
73,581,20
74,581,20
75,581,20
76,581,20
77,581,20
78,581,20
79,581,20
80,581,20
81,581,20
82,581,20
83,581,20
66,1595,36
67,1595,36
68,1595,36
69,1595,36
70,1595,36
71,1595,36
72,1595,36
73,1595,36
74,1595,36
75,1595,36
76,1595,36
77,1595,36
78,1595,36
79,1595,36
80,1595,36
81,1595,36
82,1595,36
83,1595,36
66,536,30
67,536,30
68,536,30
69,536,30
70,536,30
71,536,30
72,536,30
73,536,30
74,536,30
75,536,30
76,536,30
77,536,30
78,536,30
79,536,30
80,536,30
81,536,30
82,536,30
83,536,30
66,13,0
67,13,0
68,13,0
69,13,0
70,13,0
71,13,0
72,13,0
73,13,0
74,13,0
75,13,0
76,13,0
77,13,0
78,13,0
79,13,0
80,13,0
81,13,0
82,13,0
83,13,0
66,12,0
67,12,0
68,12,0
69,12,0
70,12,0
71,12,0
72,12,0
73,12,0
74,12,0
75,12,0
76,12,0
77,12,0
78,12,0
79,12,0
80,12,0
81,12,0
82,12,0
83,12,0
66,6,0
67,6,0
68,6,0
69,6,0
70,6,0
71,6,0
72,6,0
73,6,0
74,6,0
75,6,0
76,6,0
77,6,0
78,6,0
79,6,0
80,6,0
81,6,0
82,6,0
83,6,0
66,575,1
67,575,1
68,575,1
69,575,1
70,575,1
71,575,1
72,575,1
73,575,1
74,575,1
75,575,1
76,575,1
77,575,1
78,575,1
79,575,1
80,575,1
81,575,1
82,575,1
83,575,1
66,9,0
67,9,0
68,9,0
69,9,0
70,9,0
71,9,0
72,9,0
73,9,0
74,9,0
75,9,0
76,9,0
77,9,0
78,9,0
79,9,0
80,9,0
81,9,0
82,9,0
83,9,0
66,16,0
67,16,0
68,16,0
69,16,0
70,16,0
71,16,0
72,16,0
73,16,0
74,16,0
75,16,0
76,16,0
77,16,0
78,16,0
79,16,0
80,16,0
81,16,0
82,16,0
83,16,0
66,5,0
67,5,0
68,5,0
69,5,0
70,5,0
71,5,0
72,5,0
73,5,0
74,5,0
75,5,0
76,5,0
77,5,0
78,5,0
79,5,0
80,5,0
81,5,0
82,5,0
83,5,0
66,1041,7
67,1041,7
68,1041,7
69,1041,7
70,1041,7
71,1041,7
72,1041,7
73,1041,7
74,1041,7
75,1041,7
76,1041,7
77,1041,7
78,1041,7
79,1041,7
80,1041,7
81,1041,7
82,1041,7
83,1041,7
66,28,0
67,28,0
68,28,0
69,28,0
70,28,0
71,28,0
72,28,0
73,28,0
74,28,0
75,28,0
76,28,0
77,28,0
78,28,0
79,28,0
80,28,0
81,28,0
82,28,0
83,28,0
66,30,0
67,30,0
68,30,0
69,30,0
70,30,0
71,30,0
72,30,0
73,30,0
74,30,0
75,30,0
76,30,0
77,30,0
78,30,0
79,30,0
80,30,0
81,30,0
82,30,0
83,30,0
66,73,1
67,73,1
68,73,1
69,73,1
70,73,1
71,73,1
72,73,1
73,73,1
74,73,1
75,73,1
76,73,1
77,73,1
78,73,1
79,73,1
80,73,1
81,73,1
82,73,1
83,73,1
66,81,1
67,81,1
68,81,1
69,81,1
70,81,1
71,81,1
72,81,1
73,81,1
74,81,1
75,81,1
76,81,1
77,81,1
78,81,1
79,81,1
80,81,1
81,81,1
82,81,1
83,81,1
66,50,0
67,50,0
68,50,0
69,50,0
70,50,0
71,50,0
72,50,0
73,50,0
74,50,0
75,50,0
76,50,0
77,50,0
78,50,0
79,50,0
80,50,0
81,50,0
82,50,0
83,50,0
66,15,0
67,15,0
68,15,0
69,15,0
70,15,0
71,15,0
72,15,0
73,15,0
74,15,0
75,15,0
76,15,0
77,15,0
78,15,0
79,15,0
80,15,0
81,15,0
82,15,0
83,15,0
66,145,0
67,145,0
68,145,0
69,145,0
70,145,0
71,145,0
72,145,0
73,145,0
74,145,0
75,145,0
76,145,0
77,145,0
78,145,0
79,145,0
80,145,0
81,145,0
82,145,0
83,145,0
66,5,0
67,5,0
68,5,0
69,5,0
70,5,0
71,5,0
72,5,0
73,5,0
74,5,0
75,5,0
76,5,0
77,5,0
78,5,0
79,5,0
80,5,0
81,5,0
82,5,0
83,5,0
66,0,0
67,0,0
68,0,0
69,0,0
70,0,0
71,0,0
72,0,0
73,0,0
74,0,0
75,0,0
76,0,0
77,0,0
78,0,0
79,0,0
80,0,0
81,0,0
82,0,0
83,0,0
66,11,0
67,11,0
68,11,0
69,11,0
70,11,0
71,11,0
72,11,0
73,11,0
74,11,0
75,11,0
76,11,0
77,11,0
78,11,0
79,11,0
80,11,0
81,11,0
82,11,0
83,11,0
66,32964,1995
67,32964,1995
68,32964,1995
69,32964,1995
70,32964,1995
71,32964,1995
72,32964,1995
73,32964,1995
74,32964,1995
75,32964,1995
76,32964,1995
77,32964,1995
78,32964,1995
79,32964,1995
80,32964,1995
81,32964,1995
82,32964,1995
83,32964,1995
66,7,1
67,7,1
68,7,1
69,7,1
70,7,1
71,7,1
72,7,1
73,7,1
74,7,1
75,7,1
76,7,1
77,7,1
78,7,1
79,7,1
80,7,1
81,7,1
82,7,1
83,7,1
66,3,1
67,3,1
68,3,1
69,3,1
70,3,1
71,3,1
72,3,1
73,3,1
74,3,1
75,3,1
76,3,1
77,3,1
78,3,1
79,3,1
80,3,1
81,3,1
82,3,1
83,3,1
66,83,0
67,83,0
68,83,0
69,83,0
70,83,0
71,83,0
72,83,0
73,83,0
74,83,0
75,83,0
76,83,0
77,83,0
78,83,0
79,83,0
80,83,0
81,83,0
82,83,0
83,83,0
66,50871,342
67,50871,342
68,50871,342
69,50871,342
70,50871,342
71,50871,342
72,50871,342
73,50871,342
74,50871,342
75,50871,342
76,50871,342
77,50871,342
78,50871,342
79,50871,342
80,50871,342
81,50871,342
82,50871,342
83,50871,342
66,137,4
67,137,4
68,137,4
69,137,4
70,137,4
71,137,4
72,137,4
73,137,4
74,137,4
75,137,4
76,137,4
77,137,4
78,137,4
79,137,4
80,137,4
81,137,4
82,137,4
83,137,4
66,966,28
67,966,28
68,966,28
69,966,28
70,966,28
71,966,28
72,966,28
73,966,28
74,966,28
75,966,28
76,966,28
77,966,28
78,966,28
79,966,28
80,966,28
81,966,28
82,966,28
83,966,28
66,7,0
67,7,0
68,7,0
69,7,0
70,7,0
71,7,0
72,7,0
73,7,0
74,7,0
75,7,0
76,7,0
77,7,0
78,7,0
79,7,0
80,7,0
81,7,0
82,7,0
83,7,0
66,28,1
67,28,1
68,28,1
69,28,1
70,28,1
71,28,1
72,28,1
73,28,1
74,28,1
75,28,1
76,28,1
77,28,1
78,28,1
79,28,1
80,28,1
81,28,1
82,28,1
83,28,1
66,8,0
67,8,0
68,8,0
69,8,0
70,8,0
71,8,0
72,8,0
73,8,0
74,8,0
75,8,0
76,8,0
77,8,0
78,8,0
79,8,0
80,8,0
81,8,0
82,8,0
83,8,0
66,2,0
67,2,0
68,2,0
69,2,0
70,2,0
71,2,0
72,2,0
73,2,0
74,2,0
75,2,0
76,2,0
77,2,0
78,2,0
79,2,0
80,2,0
81,2,0
82,2,0
83,2,0
66,5,1
67,5,1
68,5,1
69,5,1
70,5,1
71,5,1
72,5,1
73,5,1
74,5,1
75,5,1
76,5,1
77,5,1
78,5,1
79,5,1
80,5,1
81,5,1
82,5,1
83,5,1
66,8,0
67,8,0
68,8,0
69,8,0
70,8,0
71,8,0
72,8,0
73,8,0
74,8,0
75,8,0
76,8,0
77,8,0
78,8,0
79,8,0
80,8,0
81,8,0
82,8,0
83,8,0
66,4,0
67,4,0
68,4,0
69,4,0
70,4,0
71,4,0
72,4,0
73,4,0
74,4,0
75,4,0
76,4,0
77,4,0
78,4,0
79,4,0
80,4,0
81,4,0
82,4,0
83,4,0
66,68,1
67,68,1
68,68,1
69,68,1
70,68,1
71,68,1
72,68,1
73,68,1
74,68,1
75,68,1
76,68,1
77,68,1
78,68,1
79,68,1
80,68,1
81,68,1
82,68,1
83,68,1
66,300,10
67,300,10
68,300,10
69,300,10
70,300,10
71,300,10
72,300,10
73,300,10
74,300,10
75,300,10
76,300,10
77,300,10
78,300,10
79,300,10
80,300,10
81,300,10
82,300,10
83,300,10
66,890,2
67,890,2
68,890,2
69,890,2
70,890,2
71,890,2
72,890,2
73,890,2
74,890,2
75,890,2
76,890,2
77,890,2
78,890,2
79,890,2
80,890,2
81,890,2
82,890,2
83,890,2
66,887,20
67,887,20
68,887,20
69,887,20
70,887,20
71,887,20
72,887,20
73,887,20
74,887,20
75,887,20
76,887,20
77,887,20
78,887,20
79,887,20
80,887,20
81,887,20
82,887,20
83,887,20
66,1046,87
67,1046,87
68,1046,87
69,1046,87
70,1046,87
71,1046,87
72,1046,87
73,1046,87
74,1046,87
75,1046,87
76,1046,87
77,1046,87
78,1046,87
79,1046,87
80,1046,87
81,1046,87
82,1046,87
83,1046,87
66,32332,2378
67,32332,2378
68,32332,2378
69,32332,2378
70,32332,2378
71,32332,2378
72,32332,2378
73,32332,2378
74,32332,2378
75,32332,2378
76,32332,2378
77,32332,2378
78,32332,2378
79,32332,2378
80,32332,2378
81,32332,2378
82,32332,2378
83,32332,2378
66,458,40
67,458,40
68,458,40
69,458,40
70,458,40
71,458,40
72,458,40
73,458,40
74,458,40
75,458,40
76,458,40
77,458,40
78,458,40
79,458,40
80,458,40
81,458,40
82,458,40
83,458,40
66,2121,22
67,2121,22
68,2121,22
69,2121,22
70,2121,22
71,2121,22
72,2121,22
73,2121,22
74,2121,22
75,2121,22
76,2121,22
77,2121,22
78,2121,22
79,2121,22
80,2121,22
81,2121,22
82,2121,22
83,2121,22
66,3035,12
67,3035,12
68,3035,12
69,3035,12
70,3035,12
71,3035,12
72,3035,12
73,3035,12
74,3035,12
75,3035,12
76,3035,12
77,3035,12
78,3035,12
79,3035,12
80,3035,12
81,3035,12
82,3035,12
83,3035,12
66,86498,9134
67,86498,9134
68,86498,9134
69,86498,9134
70,86498,9134
71,86498,9134
72,86498,9134
73,86498,9134
74,86498,9134
75,86498,9134
76,86498,9134
77,86498,9134
78,86498,9134
79,86498,9134
80,86498,9134
81,86498,9134
82,86498,9134
83,86498,9134
66,26,1
67,26,1
68,26,1
69,26,1
70,26,1
71,26,1
72,26,1
73,26,1
74,26,1
75,26,1
76,26,1
77,26,1
78,26,1
79,26,1
80,26,1
81,26,1
82,26,1
83,26,1
66,1468,49
67,1468,49
68,1468,49
69,1468,49
70,1468,49
71,1468,49
72,1468,49
73,1468,49
74,1468,49
75,1468,49
76,1468,49
77,1468,49
78,1468,49
79,1468,49
80,1468,49
81,1468,49
82,1468,49
83,1468,49
66,235,1
67,235,1
68,235,1
69,235,1
70,235,1
71,235,1
72,235,1
73,235,1
74,235,1
75,235,1
76,235,1
77,235,1
78,235,1
79,235,1
80,235,1
81,235,1
82,235,1
83,235,1
66,150,1
67,150,1
68,150,1
69,150,1
70,150,1
71,150,1
72,150,1
73,150,1
74,150,1
75,150,1
76,150,1
77,150,1
78,150,1
79,150,1
80,150,1
81,150,1
82,150,1
83,150,1
66,31,1
67,31,1
68,31,1
69,31,1
70,31,1
71,31,1
72,31,1
73,31,1
74,31,1
75,31,1
76,31,1
77,31,1
78,31,1
79,31,1
80,31,1
81,31,1
82,31,1
83,31,1
66,9332,139
67,9332,139
68,9332,139
69,9332,139
70,9332,139
71,9332,139
72,9332,139
73,9332,139
74,9332,139
75,9332,139
76,9332,139
77,9332,139
78,9332,139
79,9332,139
80,9332,139
81,9332,139
82,9332,139
83,9332,139
66,86,1
67,86,1
68,86,1
69,86,1
70,86,1
71,86,1
72,86,1
73,86,1
74,86,1
75,86,1
76,86,1
77,86,1
78,86,1
79,86,1
80,86,1
81,86,1
82,86,1
83,86,1
66,225,0
67,225,0
68,225,0
69,225,0
70,225,0
71,225,0
72,225,0
73,225,0
74,225,0
75,225,0
76,225,0
77,225,0
78,225,0
79,225,0
80,225,0
81,225,0
82,225,0
83,225,0
66,58,0
67,58,0
68,58,0
69,58,0
70,58,0
71,58,0
72,58,0
73,58,0
74,58,0
75,58,0
76,58,0
77,58,0
78,58,0
79,58,0
80,58,0
81,58,0
82,58,0
83,58,0
66,6,0
67,6,0
68,6,0
69,6,0
70,6,0
71,6,0
72,6,0
73,6,0
74,6,0
75,6,0
76,6,0
77,6,0
78,6,0
79,6,0
80,6,0
81,6,0
82,6,0
83,6,0
66,280,0
67,280,0
68,280,0
69,280,0
70,280,0
71,280,0
72,280,0
73,280,0
74,280,0
75,280,0
76,280,0
77,280,0
78,280,0
79,280,0
80,280,0
81,280,0
82,280,0
83,280,0
66,391,8
67,391,8
68,391,8
69,391,8
70,391,8
71,391,8
72,391,8
73,391,8
74,391,8
75,391,8
76,391,8
77,391,8
78,391,8
79,391,8
80,391,8
81,391,8
82,391,8
83,391,8
66,3,0
67,3,0
68,3,0
69,3,0
70,3,0
71,3,0
72,3,0
73,3,0
74,3,0
75,3,0
76,3,0
77,3,0
78,3,0
79,3,0
80,3,0
81,3,0
82,3,0
83,3,0
66,1,0
67,1,0
68,1,0
69,1,0
70,1,0
71,1,0
72,1,0
73,1,0
74,1,0
75,1,0
76,1,0
77,1,0
78,1,0
79,1,0
80,1,0
81,1,0
82,1,0
83,1,0
66,56,0
67,56,0
68,56,0
69,56,0
70,56,0
71,56,0
72,56,0
73,56,0
74,56,0
75,56,0
76,56,0
77,56,0
78,56,0
79,56,0
80,56,0
81,56,0
82,56,0
83,56,0
66,358,5
67,358,5
68,358,5
69,358,5
70,358,5
71,358,5
72,358,5
73,358,5
74,358,5
75,358,5
76,358,5
77,358,5
78,358,5
79,358,5
80,358,5
81,358,5
82,358,5
83,358,5
66,1605,15
67,1605,15
68,1605,15
69,1605,15
70,1605,15
71,1605,15
72,1605,15
73,1605,15
74,1605,15
75,1605,15
76,1605,15
77,1605,15
78,1605,15
79,1605,15
80,1605,15
81,1605,15
82,1605,15
83,1605,15
66,0,0
67,0,0
68,0,0
69,0,0
70,0,0
71,0,0
72,0,0
73,0,0
74,0,0
75,0,0
76,0,0
77,0,0
78,0,0
79,0,0
80,0,0
81,0,0
82,0,0
83,0,0
66,26,0
67,26,0
68,26,0
69,26,0
70,26,0
71,26,0
72,26,0
73,26,0
74,26,0
75,26,0
76,26,0
77,26,0
78,26,0
79,26,0
80,26,0
81,26,0
82,26,0
83,26,0
66,0,0
67,0,0
68,0,0
69,0,0
70,0,0
71,0,0
72,0,0
73,0,0
74,0,0
75,0,0
76,0,0
77,0,0
78,0,0
79,0,0
80,0,0
81,0,0
82,0,0
83,0,0
66,2161,26
67,2161,26
68,2161,26
69,2161,26
70,2161,26
71,2161,26
72,2161,26
73,2161,26
74,2161,26
75,2161,26
76,2161,26
77,2161,26
78,2161,26
79,2161,26
80,2161,26
81,2161,26
82,2161,26
83,2161,26
66,16,0
67,16,0
68,16,0
69,16,0
70,16,0
71,16,0
72,16,0
73,16,0
74,16,0
75,16,0
76,16,0
77,16,0
78,16,0
79,16,0
80,16,0
81,16,0
82,16,0
83,16,0
66,11,0
67,11,0
68,11,0
69,11,0
70,11,0
71,11,0
72,11,0
73,11,0
74,11,0
75,11,0
76,11,0
77,11,0
78,11,0
79,11,0
80,11,0
81,11,0
82,11,0
83,11,0
66,139,0
67,139,0
68,139,0
69,139,0
70,139,0
71,139,0
72,139,0
73,139,0
74,139,0
75,139,0
76,139,0
77,139,0
78,139,0
79,139,0
80,139,0
81,139,0
82,139,0
83,139,0
66,3,0
67,3,0
68,3,0
69,3,0
70,3,0
71,3,0
72,3,0
73,3,0
74,3,0
75,3,0
76,3,0
77,3,0
78,3,0
79,3,0
80,3,0
81,3,0
82,3,0
83,3,0
66,94,2
67,94,2
68,94,2
69,94,2
70,94,2
71,94,2
72,94,2
73,94,2
74,94,2
75,94,2
76,94,2
77,94,2
78,94,2
79,94,2
80,94,2
81,94,2
82,94,2
83,94,2
66,585,8
67,585,8
68,585,8
69,585,8
70,585,8
71,585,8
72,585,8
73,585,8
74,585,8
75,585,8
76,585,8
77,585,8
78,585,8
79,585,8
80,585,8
81,585,8
82,585,8
83,585,8
66,199,2
67,199,2
68,199,2
69,199,2
70,199,2
71,199,2
72,199,2
73,199,2
74,199,2
75,199,2
76,199,2
77,199,2
78,199,2
79,199,2
80,199,2
81,199,2
82,199,2
83,199,2
66,42,0
67,42,0
68,42,0
69,42,0
70,42,0
71,42,0
72,42,0
73,42,0
74,42,0
75,42,0
76,42,0
77,42,0
78,42,0
79,42,0
80,42,0
81,42,0
82,42,0
83,42,0
66,11,0
67,11,0
68,11,0
69,11,0
70,11,0
71,11,0
72,11,0
73,11,0
74,11,0
75,11,0
76,11,0
77,11,0
78,11,0
79,11,0
80,11,0
81,11,0
82,11,0
83,11,0
66,82,1
67,82,1
68,82,1
69,82,1
70,82,1
71,82,1
72,82,1
73,82,1
74,82,1
75,82,1
76,82,1
77,82,1
78,82,1
79,82,1
80,82,1
81,82,1
82,82,1
83,82,1
66,345,23
67,345,23
68,345,23
69,345,23
70,345,23
71,345,23
72,345,23
73,345,23
74,345,23
75,345,23
76,345,23
77,345,23
78,345,23
79,345,23
80,345,23
81,345,23
82,345,23
83,345,23
66,7,0
67,7,0
68,7,0
69,7,0
70,7,0
71,7,0
72,7,0
73,7,0
74,7,0
75,7,0
76,7,0
77,7,0
78,7,0
79,7,0
80,7,0
81,7,0
82,7,0
83,7,0
66,8,0
67,8,0
68,8,0
69,8,0
70,8,0
71,8,0
72,8,0
73,8,0
74,8,0
75,8,0
76,8,0
77,8,0
78,8,0
79,8,0
80,8,0
81,8,0
82,8,0
83,8,0
66,4,0
67,4,0
68,4,0
69,4,0
70,4,0
71,4,0
72,4,0
73,4,0
74,4,0
75,4,0
76,4,0
77,4,0
78,4,0
79,4,0
80,4,0
81,4,0
82,4,0
83,4,0
66,33,0
67,33,0
68,33,0
69,33,0
70,33,0
71,33,0
72,33,0
73,33,0
74,33,0
75,33,0
76,33,0
77,33,0
78,33,0
79,33,0
80,33,0
81,33,0
82,33,0
83,33,0
66,0,0
67,0,0
68,0,0
69,0,0
70,0,0
71,0,0
72,0,0
73,0,0
74,0,0
75,0,0
76,0,0
77,0,0
78,0,0
79,0,0
80,0,0
81,0,0
82,0,0
83,0,0
66,8,1
67,8,1
68,8,1
69,8,1
70,8,1
71,8,1
72,8,1
73,8,1
74,8,1
75,8,1
76,8,1
77,8,1
78,8,1
79,8,1
80,8,1
81,8,1
82,8,1
83,8,1
66,3,0
67,3,0
68,3,0
69,3,0
70,3,0
71,3,0
72,3,0
73,3,0
74,3,0
75,3,0
76,3,0
77,3,0
78,3,0
79,3,0
80,3,0
81,3,0
82,3,0
83,3,0
66,8603,546
67,8603,546
68,8603,546
69,8603,546
70,8603,546
71,8603,546
72,8603,546
73,8603,546
74,8603,546
75,8603,546
76,8603,546
77,8603,546
78,8603,546
79,8603,546
80,8603,546
81,8603,546
82,8603,546
83,8603,546
66,368,0
67,368,0
68,368,0
69,368,0
70,368,0
71,368,0
72,368,0
73,368,0
74,368,0
75,368,0
76,368,0
77,368,0
78,368,0
79,368,0
80,368,0
81,368,0
82,368,0
83,368,0
66,2,1
67,2,1
68,2,1
69,2,1
70,2,1
71,2,1
72,2,1
73,2,1
74,2,1
75,2,1
76,2,1
77,2,1
78,2,1
79,2,1
80,2,1
81,2,1
82,2,1
83,2,1
66,10,1
67,10,1
68,10,1
69,10,1
70,10,1
71,10,1
72,10,1
73,10,1
74,10,1
75,10,1
76,10,1
77,10,1
78,10,1
79,10,1
80,10,1
81,10,1
82,10,1
83,10,1
66,70,1
67,70,1
68,70,1
69,70,1
70,70,1
71,70,1
72,70,1
73,70,1
74,70,1
75,70,1
76,70,1
77,70,1
78,70,1
79,70,1
80,70,1
81,70,1
82,70,1
83,70,1
66,219,3
67,219,3
68,219,3
69,219,3
70,219,3
71,219,3
72,219,3
73,219,3
74,219,3
75,219,3
76,219,3
77,219,3
78,219,3
79,219,3
80,219,3
81,219,3
82,219,3
83,219,3
66,3755,19
67,3755,19
68,3755,19
69,3755,19
70,3755,19
71,3755,19
72,3755,19
73,3755,19
74,3755,19
75,3755,19
76,3755,19
77,3755,19
78,3755,19
79,3755,19
80,3755,19
81,3755,19
82,3755,19
83,3755,19
66,131,0
67,131,0
68,131,0
69,131,0
70,131,0
71,131,0
72,131,0
73,131,0
74,131,0
75,131,0
76,131,0
77,131,0
78,131,0
79,131,0
80,131,0
81,131,0
82,131,0
83,131,0
66,1373,11
67,1373,11
68,1373,11
69,1373,11
70,1373,11
71,1373,11
72,1373,11
73,1373,11
74,1373,11
75,1373,11
76,1373,11
77,1373,11
78,1373,11
79,1373,11
80,1373,11
81,1373,11
82,1373,11
83,1373,11
66,674,9
67,674,9
68,674,9
69,674,9
70,674,9
71,674,9
72,674,9
73,674,9
74,674,9
75,674,9
76,674,9
77,674,9
78,674,9
79,674,9
80,674,9
81,674,9
82,674,9
83,674,9
66,1,0
67,1,0
68,1,0
69,1,0
70,1,0
71,1,0
72,1,0
73,1,0
74,1,0
75,1,0
76,1,0
77,1,0
78,1,0
79,1,0
80,1,0
81,1,0
82,1,0
83,1,0
66,52,3
67,52,3
68,52,3
69,52,3
70,52,3
71,52,3
72,52,3
73,52,3
74,52,3
75,52,3
76,52,3
77,52,3
78,52,3
79,52,3
80,52,3
81,52,3
82,52,3
83,52,3
66,635,11
67,635,11
68,635,11
69,635,11
70,635,11
71,635,11
72,635,11
73,635,11
74,635,11
75,635,11
76,635,11
77,635,11
78,635,11
79,635,11
80,635,11
81,635,11
82,635,11
83,635,11
66,803,54
67,803,54
68,803,54
69,803,54
70,803,54
71,803,54
72,803,54
73,803,54
74,803,54
75,803,54
76,803,54
77,803,54
78,803,54
79,803,54
80,803,54
81,803,54
82,803,54
83,803,54
66,1389,16
67,1389,16
68,1389,16
69,1389,16
70,1389,16
71,1389,16
72,1389,16
73,1389,16
74,1389,16
75,1389,16
76,1389,16
77,1389,16
78,1389,16
79,1389,16
80,1389,16
81,1389,16
82,1389,16
83,1389,16
66,4268,76
67,4268,76
68,4268,76
69,4268,76
70,4268,76
71,4268,76
72,4268,76
73,4268,76
74,4268,76
75,4268,76
76,4268,76
77,4268,76
78,4268,76
79,4268,76
80,4268,76
81,4268,76
82,4268,76
83,4268,76
66,562,0
67,562,0
68,562,0
69,562,0
70,562,0
71,562,0
72,562,0
73,562,0
74,562,0
75,562,0
76,562,0
77,562,0
78,562,0
79,562,0
80,562,0
81,562,0
82,562,0
83,562,0
66,1292,26
67,1292,26
68,1292,26
69,1292,26
70,1292,26
71,1292,26
72,1292,26
73,1292,26
74,1292,26
75,1292,26
76,1292,26
77,1292,26
78,1292,26
79,1292,26
80,1292,26
81,1292,26
82,1292,26
83,1292,26
66,1036,4
67,1036,4
68,1036,4
69,1036,4
70,1036,4
71,1036,4
72,1036,4
73,1036,4
74,1036,4
75,1036,4
76,1036,4
77,1036,4
78,1036,4
79,1036,4
80,1036,4
81,1036,4
82,1036,4
83,1036,4
66,54,0
67,54,0
68,54,0
69,54,0
70,54,0
71,54,0
72,54,0
73,54,0
74,54,0
75,54,0
76,54,0
77,54,0
78,54,0
79,54,0
80,54,0
81,54,0
82,54,0
83,54,0
66,2,0
67,2,0
68,2,0
69,2,0
70,2,0
71,2,0
72,2,0
73,2,0
74,2,0
75,2,0
76,2,0
77,2,0
78,2,0
79,2,0
80,2,0
81,2,0
82,2,0
83,2,0
66,3,0
67,3,0
68,3,0
69,3,0
70,3,0
71,3,0
72,3,0
73,3,0
74,3,0
75,3,0
76,3,0
77,3,0
78,3,0
79,3,0
80,3,0
81,3,0
82,3,0
83,3,0
66,1,0
67,1,0
68,1,0
69,1,0
70,1,0
71,1,0
72,1,0
73,1,0
74,1,0
75,1,0
76,1,0
77,1,0
78,1,0
79,1,0
80,1,0
81,1,0
82,1,0
83,1,0
66,223,21
67,223,21
68,223,21
69,223,21
70,223,21
71,223,21
72,223,21
73,223,21
74,223,21
75,223,21
76,223,21
77,223,21
78,223,21
79,223,21
80,223,21
81,223,21
82,223,21
83,223,21
66,0,0
67,0,0
68,0,0
69,0,0
70,0,0
71,0,0
72,0,0
73,0,0
74,0,0
75,0,0
76,0,0
77,0,0
78,0,0
79,0,0
80,0,0
81,0,0
82,0,0
83,0,0
66,1104,3
67,1104,3
68,1104,3
69,1104,3
70,1104,3
71,1104,3
72,1104,3
73,1104,3
74,1104,3
75,1104,3
76,1104,3
77,1104,3
78,1104,3
79,1104,3
80,1104,3
81,1104,3
82,1104,3
83,1104,3
66,119,0
67,119,0
68,119,0
69,119,0
70,119,0
71,119,0
72,119,0
73,119,0
74,119,0
75,119,0
76,119,0
77,119,0
78,119,0
79,119,0
80,119,0
81,119,0
82,119,0
83,119,0
66,457,1
67,457,1
68,457,1
69,457,1
70,457,1
71,457,1
72,457,1
73,457,1
74,457,1
75,457,1
76,457,1
77,457,1
78,457,1
79,457,1
80,457,1
81,457,1
82,457,1
83,457,1
66,7,0
67,7,0
68,7,0
69,7,0
70,7,0
71,7,0
72,7,0
73,7,0
74,7,0
75,7,0
76,7,0
77,7,0
78,7,0
79,7,0
80,7,0
81,7,0
82,7,0
83,7,0
66,0,0
67,0,0
68,0,0
69,0,0
70,0,0
71,0,0
72,0,0
73,0,0
74,0,0
75,0,0
76,0,0
77,0,0
78,0,0
79,0,0
80,0,0
81,0,0
82,0,0
83,0,0
66,732,2
67,732,2
68,732,2
69,732,2
70,732,2
71,732,2
72,732,2
73,732,2
74,732,2
75,732,2
76,732,2
77,732,2
78,732,2
79,732,2
80,732,2
81,732,2
82,732,2
83,732,2
66,269,0
67,269,0
68,269,0
69,269,0
70,269,0
71,269,0
72,269,0
73,269,0
74,269,0
75,269,0
76,269,0
77,269,0
78,269,0
79,269,0
80,269,0
81,269,0
82,269,0
83,269,0
66,632,9
67,632,9
68,632,9
69,632,9
70,632,9
71,632,9
72,632,9
73,632,9
74,632,9
75,632,9
76,632,9
77,632,9
78,632,9
79,632,9
80,632,9
81,632,9
82,632,9
83,632,9
66,3,0
67,3,0
68,3,0
69,3,0
70,3,0
71,3,0
72,3,0
73,3,0
74,3,0
75,3,0
76,3,0
77,3,0
78,3,0
79,3,0
80,3,0
81,3,0
82,3,0
83,3,0
66,1170,1
67,1170,1
68,1170,1
69,1170,1
70,1170,1
71,1170,1
72,1170,1
73,1170,1
74,1170,1
75,1170,1
76,1170,1
77,1170,1
78,1170,1
79,1170,1
80,1170,1
81,1170,1
82,1170,1
83,1170,1
66,0,0
67,0,0
68,0,0
69,0,0
70,0,0
71,0,0
72,0,0
73,0,0
74,0,0
75,0,0
76,0,0
77,0,0
78,0,0
79,0,0
80,0,0
81,0,0
82,0,0
83,0,0
66,65719,5138
67,65719,5138
68,65719,5138
69,65719,5138
70,65719,5138
71,65719,5138
72,65719,5138
73,65719,5138
74,65719,5138
75,65719,5138
76,65719,5138
77,65719,5138
78,65719,5138
79,65719,5138
80,65719,5138
81,65719,5138
82,65719,5138
83,65719,5138
66,106,0
67,106,0
68,106,0
69,106,0
70,106,0
71,106,0
72,106,0
73,106,0
74,106,0
75,106,0
76,106,0
77,106,0
78,106,0
79,106,0
80,106,0
81,106,0
82,106,0
83,106,0
66,3,1
67,3,1
68,3,1
69,3,1
70,3,1
71,3,1
72,3,1
73,3,1
74,3,1
75,3,1
76,3,1
77,3,1
78,3,1
79,3,1
80,3,1
81,3,1
82,3,1
83,3,1
66,8,0
67,8,0
68,8,0
69,8,0
70,8,0
71,8,0
72,8,0
73,8,0
74,8,0
75,8,0
76,8,0
77,8,0
78,8,0
79,8,0
80,8,0
81,8,0
82,8,0
83,8,0
66,3069,105
67,3069,105
68,3069,105
69,3069,105
70,3069,105
71,3069,105
72,3069,105
73,3069,105
74,3069,105
75,3069,105
76,3069,105
77,3069,105
78,3069,105
79,3069,105
80,3069,105
81,3069,105
82,3069,105
83,3069,105
66,12928,231
67,12928,231
68,12928,231
69,12928,231
70,12928,231
71,12928,231
72,12928,231
73,12928,231
74,12928,231
75,12928,231
76,12928,231
77,12928,231
78,12928,231
79,12928,231
80,12928,231
81,12928,231
82,12928,231
83,12928,231
66,5,0
67,5,0
68,5,0
69,5,0
70,5,0
71,5,0
72,5,0
73,5,0
74,5,0
75,5,0
76,5,0
77,5,0
78,5,0
79,5,0
80,5,0
81,5,0
82,5,0
83,5,0
66,267,2
67,267,2
68,267,2
69,267,2
70,267,2
71,267,2
72,267,2
73,267,2
74,267,2
75,267,2
76,267,2
77,267,2
78,267,2
79,267,2
80,267,2
81,267,2
82,267,2
83,267,2
66,13,0
67,13,0
68,13,0
69,13,0
70,13,0
71,13,0
72,13,0
73,13,0
74,13,0
75,13,0
76,13,0
77,13,0
78,13,0
79,13,0
80,13,0
81,13,0
82,13,0
83,13,0
66,1136,5
67,1136,5
68,1136,5
69,1136,5
70,1136,5
71,1136,5
72,1136,5
73,1136,5
74,1136,5
75,1136,5
76,1136,5
77,1136,5
78,1136,5
79,1136,5
80,1136,5
81,1136,5
82,1136,5
83,1136,5
66,1,0
67,1,0
68,1,0
69,1,0
70,1,0
71,1,0
72,1,0
73,1,0
74,1,0
75,1,0
76,1,0
77,1,0
78,1,0
79,1,0
80,1,0
81,1,0
82,1,0
83,1,0
66,25,1
67,25,1
68,25,1
69,25,1
70,25,1
71,25,1
72,25,1
73,25,1
74,25,1
75,25,1
76,25,1
77,25,1
78,25,1
79,25,1
80,25,1
81,25,1
82,25,1
83,25,1
66,66,2
67,66,2
68,66,2
69,66,2
70,66,2
71,66,2
72,66,2
73,66,2
74,66,2
75,66,2
76,66,2
77,66,2
78,66,2
79,66,2
80,66,2
81,66,2
82,66,2
83,66,2
66,227,6
67,227,6
68,227,6
69,227,6
70,227,6
71,227,6
72,227,6
73,227,6
74,227,6
75,227,6
76,227,6
77,227,6
78,227,6
79,227,6
80,227,6
81,227,6
82,227,6
83,227,6
66,5698,92
67,5698,92
68,5698,92
69,5698,92
70,5698,92
71,5698,92
72,5698,92
73,5698,92
74,5698,92
75,5698,92
76,5698,92
77,5698,92
78,5698,92
79,5698,92
80,5698,92
81,5698,92
82,5698,92
83,5698,92
66,587,4
67,587,4
68,587,4
69,587,4
70,587,4
71,587,4
72,587,4
73,587,4
74,587,4
75,587,4
76,587,4
77,587,4
78,587,4
79,587,4
80,587,4
81,587,4
82,587,4
83,587,4
66,58,1
67,58,1
68,58,1
69,58,1
70,58,1
71,58,1
72,58,1
73,58,1
74,58,1
75,58,1
76,58,1
77,58,1
78,58,1
79,58,1
80,58,1
81,58,1
82,58,1
83,58,1
66,665,13
67,665,13
68,665,13
69,665,13
70,665,13
71,665,13
72,665,13
73,665,13
74,665,13
75,665,13
76,665,13
77,665,13
78,665,13
79,665,13
80,665,13
81,665,13
82,665,13
83,665,13
66,381,3
67,381,3
68,381,3
69,381,3
70,381,3
71,381,3
72,381,3
73,381,3
74,381,3
75,381,3
76,381,3
77,381,3
78,381,3
79,381,3
80,381,3
81,381,3
82,381,3
83,381,3
66,4657,94
67,4657,94
68,4657,94
69,4657,94
70,4657,94
71,4657,94
72,4657,94
73,4657,94
74,4657,94
75,4657,94
76,4657,94
77,4657,94
78,4657,94
79,4657,94
80,4657,94
81,4657,94
82,4657,94
83,4657,94
66,1433,27
67,1433,27
68,1433,27
69,1433,27
70,1433,27
71,1433,27
72,1433,27
73,1433,27
74,1433,27
75,1433,27
76,1433,27
77,1433,27
78,1433,27
79,1433,27
80,1433,27
81,1433,27
82,1433,27
83,1433,27
66,1291,27
67,1291,27
68,1291,27
69,1291,27
70,1291,27
71,1291,27
72,1291,27
73,1291,27
74,1291,27
75,1291,27
76,1291,27
77,1291,27
78,1291,27
79,1291,27
80,1291,27
81,1291,27
82,1291,27
83,1291,27
66,163,2
67,163,2
68,163,2
69,163,2
70,163,2
71,163,2
72,163,2
73,163,2
74,163,2
75,163,2
76,163,2
77,163,2
78,163,2
79,163,2
80,163,2
81,163,2
82,163,2
83,163,2
66,271,3
67,271,3
68,271,3
69,271,3
70,271,3
71,271,3
72,271,3
73,271,3
74,271,3
75,271,3
76,271,3
77,271,3
78,271,3
79,271,3
80,271,3
81,271,3
82,271,3
83,271,3
66,2900,35
67,2900,35
68,2900,35
69,2900,35
70,2900,35
71,2900,35
72,2900,35
73,2900,35
74,2900,35
75,2900,35
76,2900,35
77,2900,35
78,2900,35
79,2900,35
80,2900,35
81,2900,35
82,2900,35
83,2900,35
66,2000,64
67,2000,64
68,2000,64
69,2000,64
70,2000,64
71,2000,64
72,2000,64
73,2000,64
74,2000,64
75,2000,64
76,2000,64
77,2000,64
78,2000,64
79,2000,64
80,2000,64
81,2000,64
82,2000,64
83,2000,64
66,51,1
67,51,1
68,51,1
69,51,1
70,51,1
71,51,1
72,51,1
73,51,1
74,51,1
75,51,1
76,51,1
77,51,1
78,51,1
79,51,1
80,51,1
81,51,1
82,51,1
83,51,1
66,106,0
67,106,0
68,106,0
69,106,0
70,106,0
71,106,0
72,106,0
73,106,0
74,106,0
75,106,0
76,106,0
77,106,0
78,106,0
79,106,0
80,106,0
81,106,0
82,106,0
83,106,0
66,205,3
67,205,3
68,205,3
69,205,3
70,205,3
71,205,3
72,205,3
73,205,3
74,205,3
75,205,3
76,205,3
77,205,3
78,205,3
79,205,3
80,205,3
81,205,3
82,205,3
83,205,3
66,3024,34
67,3024,34
68,3024,34
69,3024,34
70,3024,34
71,3024,34
72,3024,34
73,3024,34
74,3024,34
75,3024,34
76,3024,34
77,3024,34
78,3024,34
79,3024,34
80,3024,34
81,3024,34
82,3024,34
83,3024,34
66,979,25
67,979,25
68,979,25
69,979,25
70,979,25
71,979,25
72,979,25
73,979,25
74,979,25
75,979,25
76,979,25
77,979,25
78,979,25
79,979,25
80,979,25
81,979,25
82,979,25
83,979,25
66,235,3
67,235,3
68,235,3
69,235,3
70,235,3
71,235,3
72,235,3
73,235,3
74,235,3
75,235,3
76,235,3
77,235,3
78,235,3
79,235,3
80,235,3
81,235,3
82,235,3
83,235,3
66,206,4
67,206,4
68,206,4
69,206,4
70,206,4
71,206,4
72,206,4
73,206,4
74,206,4
75,206,4
76,206,4
77,206,4
78,206,4
79,206,4
80,206,4
81,206,4
82,206,4
83,206,4
66,301,7
67,301,7
68,301,7
69,301,7
70,301,7
71,301,7
72,301,7
73,301,7
74,301,7
75,301,7
76,301,7
77,301,7
78,301,7
79,301,7
80,301,7
81,301,7
82,301,7
83,301,7
66,2744,119
67,2744,119
68,2744,119
69,2744,119
70,2744,119
71,2744,119
72,2744,119
73,2744,119
74,2744,119
75,2744,119
76,2744,119
77,2744,119
78,2744,119
79,2744,119
80,2744,119
81,2744,119
82,2744,119
83,2744,119
66,168,1
67,168,1
68,168,1
69,168,1
70,168,1
71,168,1
72,168,1
73,168,1
74,168,1
75,168,1
76,168,1
77,168,1
78,168,1
79,168,1
80,168,1
81,168,1
82,168,1
83,168,1
66,775,5
67,775,5
68,775,5
69,775,5
70,775,5
71,775,5
72,775,5
73,775,5
74,775,5
75,775,5
76,775,5
77,775,5
78,775,5
79,775,5
80,775,5
81,775,5
82,775,5
83,775,5
66,3240,35
67,3240,35
68,3240,35
69,3240,35
70,3240,35
71,3240,35
72,3240,35
73,3240,35
74,3240,35
75,3240,35
76,3240,35
77,3240,35
78,3240,35
79,3240,35
80,3240,35
81,3240,35
82,3240,35
83,3240,35
66,3634,92
67,3634,92
68,3634,92
69,3634,92
70,3634,92
71,3634,92
72,3634,92
73,3634,92
74,3634,92
75,3634,92
76,3634,92
77,3634,92
78,3634,92
79,3634,92
80,3634,92
81,3634,92
82,3634,92
83,3634,92
66,396,4
67,396,4
68,396,4
69,396,4
70,396,4
71,396,4
72,396,4
73,396,4
74,396,4
75,396,4
76,396,4
77,396,4
78,396,4
79,396,4
80,396,4
81,396,4
82,396,4
83,396,4
66,579,8
67,579,8
68,579,8
69,579,8
70,579,8
71,579,8
72,579,8
73,579,8
74,579,8
75,579,8
76,579,8
77,579,8
78,579,8
79,579,8
80,579,8
81,579,8
82,579,8
83,579,8
66,666,9
67,666,9
68,666,9
69,666,9
70,666,9
71,666,9
72,666,9
73,666,9
74,666,9
75,666,9
76,666,9
77,666,9
78,666,9
79,666,9
80,666,9
81,666,9
82,666,9
83,666,9
66,109,1
67,109,1
68,109,1
69,109,1
70,109,1
71,109,1
72,109,1
73,109,1
74,109,1
75,109,1
76,109,1
77,109,1
78,109,1
79,109,1
80,109,1
81,109,1
82,109,1
83,109,1
66,82,0
67,82,0
68,82,0
69,82,0
70,82,0
71,82,0
72,82,0
73,82,0
74,82,0
75,82,0
76,82,0
77,82,0
78,82,0
79,82,0
80,82,0
81,82,0
82,82,0
83,82,0
66,536,10
67,536,10
68,536,10
69,536,10
70,536,10
71,536,10
72,536,10
73,536,10
74,536,10
75,536,10
76,536,10
77,536,10
78,536,10
79,536,10
80,536,10
81,536,10
82,536,10
83,536,10
66,158,1
67,158,1
68,158,1
69,158,1
70,158,1
71,158,1
72,158,1
73,158,1
74,158,1
75,158,1
76,158,1
77,158,1
78,158,1
79,158,1
80,158,1
81,158,1
82,158,1
83,158,1
66,8825,108
67,8825,108
68,8825,108
69,8825,108
70,8825,108
71,8825,108
72,8825,108
73,8825,108
74,8825,108
75,8825,108
76,8825,108
77,8825,108
78,8825,108
79,8825,108
80,8825,108
81,8825,108
82,8825,108
83,8825,108
66,136,1
67,136,1
68,136,1
69,136,1
70,136,1
71,136,1
72,136,1
73,136,1
74,136,1
75,136,1
76,136,1
77,136,1
78,136,1
79,136,1
80,136,1
81,136,1
82,136,1
83,136,1
66,44876,527
67,44876,527
68,44876,527
69,44876,527
70,44876,527
71,44876,527
72,44876,527
73,44876,527
74,44876,527
75,44876,527
76,44876,527
77,44876,527
78,44876,527
79,44876,527
80,44876,527
81,44876,527
82,44876,527
83,44876,527
66,887,4
67,887,4
68,887,4
69,887,4
70,887,4
71,887,4
72,887,4
73,887,4
74,887,4
75,887,4
76,887,4
77,887,4
78,887,4
79,887,4
80,887,4
81,887,4
82,887,4
83,887,4
66,68,1
67,68,1
68,68,1
69,68,1
70,68,1
71,68,1
72,68,1
73,68,1
74,68,1
75,68,1
76,68,1
77,68,1
78,68,1
79,68,1
80,68,1
81,68,1
82,68,1
83,68,1
66,1137,19
67,1137,19
68,1137,19
69,1137,19
70,1137,19
71,1137,19
72,1137,19
73,1137,19
74,1137,19
75,1137,19
76,1137,19
77,1137,19
78,1137,19
79,1137,19
80,1137,19
81,1137,19
82,1137,19
83,1137,19
66,322,8
67,322,8
68,322,8
69,322,8
70,322,8
71,322,8
72,322,8
73,322,8
74,322,8
75,322,8
76,322,8
77,322,8
78,322,8
79,322,8
80,322,8
81,322,8
82,322,8
83,322,8
66,416,12
67,416,12
68,416,12
69,416,12
70,416,12
71,416,12
72,416,12
73,416,12
74,416,12
75,416,12
76,416,12
77,416,12
78,416,12
79,416,12
80,416,12
81,416,12
82,416,12
83,416,12
66,2345,22
67,2345,22
68,2345,22
69,2345,22
70,2345,22
71,2345,22
72,2345,22
73,2345,22
74,2345,22
75,2345,22
76,2345,22
77,2345,22
78,2345,22
79,2345,22
80,2345,22
81,2345,22
82,2345,22
83,2345,22
66,79,3
67,79,3
68,79,3
69,79,3
70,79,3
71,79,3
72,79,3
73,79,3
74,79,3
75,79,3
76,79,3
77,79,3
78,79,3
79,79,3
80,79,3
81,79,3
82,79,3
83,79,3
66,203,0
67,203,0
68,203,0
69,203,0
70,203,0
71,203,0
72,203,0
73,203,0
74,203,0
75,203,0
76,203,0
77,203,0
78,203,0
79,203,0
80,203,0
81,203,0
82,203,0
83,203,0
66,542,13
67,542,13
68,542,13
69,542,13
70,542,13
71,542,13
72,542,13
73,542,13
74,542,13
75,542,13
76,542,13
77,542,13
78,542,13
79,542,13
80,542,13
81,542,13
82,542,13
83,542,13
66,58,1
67,58,1
68,58,1
69,58,1
70,58,1
71,58,1
72,58,1
73,58,1
74,58,1
75,58,1
76,58,1
77,58,1
78,58,1
79,58,1
80,58,1
81,58,1
82,58,1
83,58,1
66,1318,6
67,1318,6
68,1318,6
69,1318,6
70,1318,6
71,1318,6
72,1318,6
73,1318,6
74,1318,6
75,1318,6
76,1318,6
77,1318,6
78,1318,6
79,1318,6
80,1318,6
81,1318,6
82,1318,6
83,1318,6
66,1937,26
67,1937,26
68,1937,26
69,1937,26
70,1937,26
71,1937,26
72,1937,26
73,1937,26
74,1937,26
75,1937,26
76,1937,26
77,1937,26
78,1937,26
79,1937,26
80,1937,26
81,1937,26
82,1937,26
83,1937,26
66,472,1
67,472,1
68,472,1
69,472,1
70,472,1
71,472,1
72,472,1
73,472,1
74,472,1
75,472,1
76,472,1
77,472,1
78,472,1
79,472,1
80,472,1
81,472,1
82,472,1
83,472,1
66,184,10
67,184,10
68,184,10
69,184,10
70,184,10
71,184,10
72,184,10
73,184,10
74,184,10
75,184,10
76,184,10
77,184,10
78,184,10
79,184,10
80,184,10
81,184,10
82,184,10
83,184,10
66,19,0
67,19,0
68,19,0
69,19,0
70,19,0
71,19,0
72,19,0
73,19,0
74,19,0
75,19,0
76,19,0
77,19,0
78,19,0
79,19,0
80,19,0
81,19,0
82,19,0
83,19,0
66,607,10
67,607,10
68,607,10
69,607,10
70,607,10
71,607,10
72,607,10
73,607,10
74,607,10
75,607,10
76,607,10
77,607,10
78,607,10
79,607,10
80,607,10
81,607,10
82,607,10
83,607,10
66,3477,157
67,3477,157
68,3477,157
69,3477,157
70,3477,157
71,3477,157
72,3477,157
73,3477,157
74,3477,157
75,3477,157
76,3477,157
77,3477,157
78,3477,157
79,3477,157
80,3477,157
81,3477,157
82,3477,157
83,3477,157
66,76,0
67,76,0
68,76,0
69,76,0
70,76,0
71,76,0
72,76,0
73,76,0
74,76,0
75,76,0
76,76,0
77,76,0
78,76,0
79,76,0
80,76,0
81,76,0
82,76,0
83,76,0
66,926,14
67,926,14
68,926,14
69,926,14
70,926,14
71,926,14
72,926,14
73,926,14
74,926,14
75,926,14
76,926,14
77,926,14
78,926,14
79,926,14
80,926,14
81,926,14
82,926,14
83,926,14
66,70,0
67,70,0
68,70,0
69,70,0
70,70,0
71,70,0
72,70,0
73,70,0
74,70,0
75,70,0
76,70,0
77,70,0
78,70,0
79,70,0
80,70,0
81,70,0
82,70,0
83,70,0
66,23,0
67,23,0
68,23,0
69,23,0
70,23,0
71,23,0
72,23,0
73,23,0
74,23,0
75,23,0
76,23,0
77,23,0
78,23,0
79,23,0
80,23,0
81,23,0
82,23,0
83,23,0
66,310,5
67,310,5
68,310,5
69,310,5
70,310,5
71,310,5
72,310,5
73,310,5
74,310,5
75,310,5
76,310,5
77,310,5
78,310,5
79,310,5
80,310,5
81,310,5
82,310,5
83,310,5
66,405,2
67,405,2
68,405,2
69,405,2
70,405,2
71,405,2
72,405,2
73,405,2
74,405,2
75,405,2
76,405,2
77,405,2
78,405,2
79,405,2
80,405,2
81,405,2
82,405,2
83,405,2
66,0,0
67,0,0
68,0,0
69,0,0
70,0,0
71,0,0
72,0,0
73,0,0
74,0,0
75,0,0
76,0,0
77,0,0
78,0,0
79,0,0
80,0,0
81,0,0
82,0,0
83,0,0
66,17,0
67,17,0
68,17,0
69,17,0
70,17,0
71,17,0
72,17,0
73,17,0
74,17,0
75,17,0
76,17,0
77,17,0
78,17,0
79,17,0
80,17,0
81,17,0
82,17,0
83,17,0
66,0,0
67,0,0
68,0,0
69,0,0
70,0,0
71,0,0
72,0,0
73,0,0
74,0,0
75,0,0
76,0,0
77,0,0
78,0,0
79,0,0
80,0,0
81,0,0
82,0,0
83,0,0
66,8,1
67,8,1
68,8,1
69,8,1
70,8,1
71,8,1
72,8,1
73,8,1
74,8,1
75,8,1
76,8,1
77,8,1
78,8,1
79,8,1
80,8,1
81,8,1
82,8,1
83,8,1
66,88,1
67,88,1
68,88,1
69,88,1
70,88,1
71,88,1
72,88,1
73,88,1
74,88,1
75,88,1
76,88,1
77,88,1
78,88,1
79,88,1
80,88,1
81,88,1
82,88,1
83,88,1
66,0,0
67,0,0
68,0,0
69,0,0
70,0,0
71,0,0
72,0,0
73,0,0
74,0,0
75,0,0
76,0,0
77,0,0
78,0,0
79,0,0
80,0,0
81,0,0
82,0,0
83,0,0
66,55,0
67,55,0
68,55,0
69,55,0
70,55,0
71,55,0
72,55,0
73,55,0
74,55,0
75,55,0
76,55,0
77,55,0
78,55,0
79,55,0
80,55,0
81,55,0
82,55,0
83,55,0
66,29,0
67,29,0
68,29,0
69,29,0
70,29,0
71,29,0
72,29,0
73,29,0
74,29,0
75,29,0
76,29,0
77,29,0
78,29,0
79,29,0
80,29,0
81,29,0
82,29,0
83,29,0
66,5,0
67,5,0
68,5,0
69,5,0
70,5,0
71,5,0
72,5,0
73,5,0
74,5,0
75,5,0
76,5,0
77,5,0
78,5,0
79,5,0
80,5,0
81,5,0
82,5,0
83,5,0
66,0,0
67,0,0
68,0,0
69,0,0
70,0,0
71,0,0
72,0,0
73,0,0
74,0,0
75,0,0
76,0,0
77,0,0
78,0,0
79,0,0
80,0,0
81,0,0
82,0,0
83,0,0
66,14543,759
67,14543,759
68,14543,759
69,14543,759
70,14543,759
71,14543,759
72,14543,759
73,14543,759
74,14543,759
75,14543,759
76,14543,759
77,14543,759
78,14543,759
79,14543,759
80,14543,759
81,14543,759
82,14543,759
83,14543,759
66,238,0
67,238,0
68,238,0
69,238,0
70,238,0
71,238,0
72,238,0
73,238,0
74,238,0
75,238,0
76,238,0
77,238,0
78,238,0
79,238,0
80,238,0
81,238,0
82,238,0
83,238,0
66,88,1
67,88,1
68,88,1
69,88,1
70,88,1
71,88,1
72,88,1
73,88,1
74,88,1
75,88,1
76,88,1
77,88,1
78,88,1
79,88,1
80,88,1
81,88,1
82,88,1
83,88,1
66,107,1
67,107,1
68,107,1
69,107,1
70,107,1
71,107,1
72,107,1
73,107,1
74,107,1
75,107,1
76,107,1
77,107,1
78,107,1
79,107,1
80,107,1
81,107,1
82,107,1
83,107,1
66,163,0
67,163,0
68,163,0
69,163,0
70,163,0
71,163,0
72,163,0
73,163,0
74,163,0
75,163,0
76,163,0
77,163,0
78,163,0
79,163,0
80,163,0
81,163,0
82,163,0
83,163,0
66,91,1
67,91,1
68,91,1
69,91,1
70,91,1
71,91,1
72,91,1
73,91,1
74,91,1
75,91,1
76,91,1
77,91,1
78,91,1
79,91,1
80,91,1
81,91,1
82,91,1
83,91,1
66,0,0
67,0,0
68,0,0
69,0,0
70,0,0
71,0,0
72,0,0
73,0,0
74,0,0
75,0,0
76,0,0
77,0,0
78,0,0
79,0,0
80,0,0
81,0,0
82,0,0
83,0,0
66,22,0
67,22,0
68,22,0
69,22,0
70,22,0
71,22,0
72,22,0
73,22,0
74,22,0
75,22,0
76,22,0
77,22,0
78,22,0
79,22,0
80,22,0
81,22,0
82,22,0
83,22,0
66,5,1
67,5,1
68,5,1
69,5,1
70,5,1
71,5,1
72,5,1
73,5,1
74,5,1
75,5,1
76,5,1
77,5,1
78,5,1
79,5,1
80,5,1
81,5,1
82,5,1
83,5,1
